<?xml version="1.0" encoding="UTF-8"?>
<!DOCTYPE hibernate-configuration PUBLIC
        "-//Hibernate/Hibernate Configuration DTD 3.0//EN"
        "http://www.hibernate.org/dtd/hibernate-configuration-3.0.dtd">

<hibernate-configuration>
	<session-factory>
		<!-- SQL Dialect -->
		<property name="hibernate.dialect">org.hibernate.dialect.MySQLDialect</property>

		<!-- Database Connection Settings mysql -->

		<!-- <property name="hibernate.connection.driver_class">com.mysql.jdbc.Driver</property> 
			<property name="hibernate.connection.url">jdbc:mysql://localhost:3306/incrementtest</property> 
			<property name="hibernate.connection.username">root</property> <property 
			name="hibernate.connection.password">root</property> -->

		<!-- local database connection postgres -->
		<property name="hibernate.connection.driver_class">org.postgresql.Driver</property>
		<property name="hibernate.connection.url">jdbc:postgresql://localhost:5433/incrementtest?serverTimezone=UTC</property>
		<property name="hibernate.connection.username">root</property>
		<property name="hibernate.connection.password">root</property>
		
		<property name="connection.pool_size">200</property>

<!-- 		<property name="show_sql">true</property> -->

		<!-- Specifying Session Context -->
		<property name="hibernate.current_session_context_class">org.hibernate.context.internal.ThreadLocalSessionContext</property>

		<!-- Mapping With Model Class Containing Annotations -->
		<mapping class="com.cdac.entity.IncrementEntity" />


	</session-factory>
</hibernate-configuration>